{"client_meta":{"background_color":{"r":0.8980392217636108,"g":0.8980392217636108,"b":0.8980392217636108,"a":1},"thumbnail_size":{"width":400,"height":166},"render_coordinates":{"x":-996,"y":-524,"width":2603,"height":1080}},"file_name":"Тестовое задание","developer_related_links":[]}